"Manager","Pick","Points","League"
"christhrowsrocks","Bootzay","1461.16","Champions"
"christhrowsrocks","Xentimental","1304.66","Champions"
"christhrowsrocks","Tager","1418.26","Admiral"
"christhrowsrocks","Noro","1385.32","Admiral"
"christhrowsrocks","mcady","1215.44","Dragon"
"christhrowsrocks","Smelscifi","1437.84","Dragon"
"christhrowsrocks","madmike577","1075.34","Galaxy"
"christhrowsrocks","Apatel78","1348.60","Galaxy"
"christhrowsrocks","Kieran563","1123.54","Monarch"
"christhrowsrocks","benzo","1249.50","Monarch"
"moose","vERTICLE","1577.86","Champions"
"moose","ikyn","1385.44","Champions"
"moose","Moose","1343.00","Admiral"
"moose","Noro","1385.32","Admiral"
"moose","dudekids","1451.74","Dragon"
"moose","Carneasadanachos","1369.78","Dragon"
"moose","jnmaniac","1218.92","Galaxy"
"moose","madmike577","1075.34","Galaxy"
"moose","Eddie127","1331.14","Monarch"
"moose","FoolsTP","1386.92","Monarch"
"Ender","Xentimental","1304.66","Champions"
"Ender","tc216997","1421.14","Champions"
"Ender","Moose","1343.00","Admiral"
"Ender","Tager","1418.26","Admiral"
"Ender","mcady","1215.44","Dragon"
"Ender","Indecent","1330.00","Dragon"
"Ender","Smashadams","1384.82","Galaxy"
"Ender","Jacko","1438.88","Galaxy"
"Ender","Wolff","1455.64","Monarch"
"Ender","Kieran563","1123.54","Monarch"
"ikyn","Rob","1453.20","Champions"
"ikyn","ikyn","1385.44","Champions"
"ikyn","Kingships","1400.68","Admiral"
"ikyn","christhrowsrocks","1513.26","Admiral"
"ikyn","Wbrown999","1566.44","Dragon"
"ikyn","dudekids","1451.74","Dragon"
"ikyn","madmike577","1075.34","Galaxy"
"ikyn","Peltron3030","1529.92","Galaxy"
"ikyn","BustyBud","1358.70","Monarch"
"ikyn","Wolff","1455.64","Monarch"
"Chandlerbing310","Chandlerbing","1397.22","Champions"
"Chandlerbing310","ListEm","1425.68","Champions"
"Chandlerbing310","Noro","1385.32","Admiral"
"Chandlerbing310","christhrowsrocks","1513.26","Admiral"
"Chandlerbing310","dudekids","1451.74","Dragon"
"Chandlerbing310","mcady","1215.44","Dragon"
"Chandlerbing310","madmike577","1075.34","Galaxy"
"Chandlerbing310","Peltron3030","1529.92","Galaxy"
"Chandlerbing310","Code Monkey","1651.00","Monarch"
"Chandlerbing310","Wolff","1455.64","Monarch"
"Kingships","Bootzay","1461.16","Champions"
"Kingships","Rob","1453.20","Champions"
"Kingships","christhrowsrocks","1513.26","Admiral"
"Kingships","Jom","1523.16","Admiral"
"Kingships","dudekids","1451.74","Dragon"
"Kingships","Spaniard","1350.32","Dragon"
"Kingships","Apatel78","1348.60","Galaxy"
"Kingships","jnmaniac","1218.92","Galaxy"
"Kingships","DaveBarnett22","1448.24","Monarch"
"Kingships","BustyBud","1358.70","Monarch"
"FoolsTP","ListEm","1425.68","Champions"
"FoolsTP","Templare","1356.42","Champions"
"FoolsTP","Noro","1385.32","Admiral"
"FoolsTP","FooL","1358.32","Admiral"
"FoolsTP","Spaniard","1350.32","Dragon"
"FoolsTP","Smelscifi","1437.84","Dragon"
"FoolsTP","Peltron3030","1529.92","Galaxy"
"FoolsTP","jnmaniac","1218.92","Galaxy"
"FoolsTP","Code Monkey","1651.00","Monarch"
"FoolsTP","Karan","1477.02","Monarch"
"DUME","hlve","1383.68","Champions"
"DUME","Rob","1453.20","Champions"
"DUME","Moose","1343.00","Admiral"
"DUME","christhrowsrocks","1513.26","Admiral"
"DUME","Smelscifi","1437.84","Dragon"
"DUME","dudekids","1451.74","Dragon"
"DUME","Jacko","1438.88","Galaxy"
"DUME","Peltron3030","1529.92","Galaxy"
"DUME","BustyBud","1358.70","Monarch"
"DUME","NeoCommunist","1461.22","Monarch"
"BigJohn","Chandlerbing","1397.22","Champions"
"BigJohn","ListEm","1425.68","Champions"
"BigJohn","christhrowsrocks","1513.26","Admiral"
"BigJohn","Noro","1385.32","Admiral"
"BigJohn","dudekids","1451.74","Dragon"
"BigJohn","mcady","1215.44","Dragon"
"BigJohn","KingPinOfficerBrando","1462.42","Galaxy"
"BigJohn","Peltron3030","1529.92","Galaxy"
"BigJohn","BigJohn","1396.84","Monarch"
"BigJohn","Eddie127","1331.14","Monarch"
"Herbal","Chandlerbing","1397.22","Champions"
"Herbal","Crackal","1038.86","Champions"
"Herbal","Tager","1418.26","Admiral"
"Herbal","Clutch","1521.30","Admiral"
"Herbal","Carneasadanachos","1369.78","Dragon"
"Herbal","tanay002","1379.54","Dragon"
"Herbal","led","1463.32","Galaxy"
"Herbal","Herbal","1518.30","Galaxy"
"Herbal","Wolff","1455.64","Monarch"
"Herbal","Code Monkey","1651.00","Monarch"
"Bootzay","Bootzay","1461.16","Champions"
"Bootzay","Rob","1453.20","Champions"
"Bootzay","christhrowsrocks","1513.26","Admiral"
"Bootzay","Noro","1385.32","Admiral"
"Bootzay","dudekids","1451.74","Dragon"
"Bootzay","elementsoul","1463.26","Dragon"
"Bootzay","Peltron3030","1529.92","Galaxy"
"Bootzay","madmike577","1075.34","Galaxy"
"Bootzay","Wolff","1455.64","Monarch"
"Bootzay","BustyBud","1358.70","Monarch"
"elementsoul","Rob","1453.20","Champions"
"elementsoul","ListEm","1425.68","Champions"
"elementsoul","Kingships","1400.68","Admiral"
"elementsoul","Noro","1385.32","Admiral"
"elementsoul","elementsoul","1463.26","Dragon"
"elementsoul","Smelscifi","1437.84","Dragon"
"elementsoul","KingPinOfficerBrando","1462.42","Galaxy"
"elementsoul","Herbal","1518.30","Galaxy"
"elementsoul","Eddie127","1331.14","Monarch"
"elementsoul","dswan","1363.28","Monarch"
"Klay","ListEm","1425.68","Champions"
"Klay","Bootzay","1461.16","Champions"
"Klay","Moose","1343.00","Admiral"
"Klay","Tager","1418.26","Admiral"
"Klay","mcady","1215.44","Dragon"
"Klay","dudekids","1451.74","Dragon"
"Klay","jnmaniac","1218.92","Galaxy"
"Klay","Peltron3030","1529.92","Galaxy"
"Klay","BustyBud","1358.70","Monarch"
"Klay","Kieran563","1123.54","Monarch"
"Peltron3030","Templare","1356.42","Champions"
"Peltron3030","ListEm","1425.68","Champions"
"Peltron3030","christhrowsrocks","1513.26","Admiral"
"Peltron3030","Kingships","1400.68","Admiral"
"Peltron3030","Carneasadanachos","1369.78","Dragon"
"Peltron3030","dudekids","1451.74","Dragon"
"Peltron3030","Peltron3030","1529.92","Galaxy"
"Peltron3030","Jacko","1438.88","Galaxy"
"Peltron3030","Kieran563","1123.54","Monarch"
"Peltron3030","Eddie127","1331.14","Monarch"
"Jnmaniac1","vERTICLE","1577.86","Champions"
"Jnmaniac1","ListEm","1425.68","Champions"
"Jnmaniac1","Noro","1385.32","Admiral"
"Jnmaniac1","christhrowsrocks","1513.26","Admiral"
"Jnmaniac1","Carneasadanachos","1369.78","Dragon"
"Jnmaniac1","dudekids","1451.74","Dragon"
"Jnmaniac1","jnmaniac","1218.92","Galaxy"
"Jnmaniac1","Apatel78","1348.60","Galaxy"
"Jnmaniac1","Eddie127","1331.14","Monarch"
"Jnmaniac1","Kieran563","1123.54","Monarch"
"tc216997","Rob","1453.20","Champions"
"tc216997","Bootzay","1461.16","Champions"
"tc216997","Moose","1343.00","Admiral"
"tc216997","christhrowsrocks","1513.26","Admiral"
"tc216997","dudekids","1451.74","Dragon"
"tc216997","mcady","1215.44","Dragon"
"tc216997","Jacko","1438.88","Galaxy"
"tc216997","Apatel78","1348.60","Galaxy"
"tc216997","Kieran563","1123.54","Monarch"
"tc216997","Wolff","1455.64","Monarch"
"Bakron","Rob","1453.20","Champions"
"Bakron","Bootzay","1461.16","Champions"
"Bakron","Noro","1385.32","Admiral"
"Bakron","Kingships","1400.68","Admiral"
"Bakron","dudekids","1451.74","Dragon"
"Bakron","Peppertoni","1313.32","Dragon"
"Bakron","Apatel78","1348.60","Galaxy"
"Bakron","Smashadams","1384.82","Galaxy"
"Bakron","BustyBud","1358.70","Monarch"
"Bakron","dswan","1363.28","Monarch"
"BustyBud","ListEm","1425.68","Champions"
"BustyBud","Rob","1453.20","Champions"
"BustyBud","Moose","1343.00","Admiral"
"BustyBud","christhrowsrocks","1513.26","Admiral"
"BustyBud","dudekids","1451.74","Dragon"
"BustyBud","mcady","1215.44","Dragon"
"BustyBud","Jacko","1438.88","Galaxy"
"BustyBud","Apatel78","1348.60","Galaxy"
"BustyBud","BustyBud","1358.70","Monarch"
"BustyBud","Wolff","1455.64","Monarch"
"Noro","Bootzay","1461.16","Champions"
"Noro","vERTICLE","1577.86","Champions"
"Noro","Noro","1385.32","Admiral"
"Noro","christhrowsrocks","1513.26","Admiral"
"Noro","dudekids","1451.74","Dragon"
"Noro","Wbrown999","1566.44","Dragon"
"Noro","madmike577","1075.34","Galaxy"
"Noro","Klay","1273.16","Galaxy"
"Noro","BustyBud","1358.70","Monarch"
"Noro","FoolsTP","1386.92","Monarch"
"ListEm","Templare","1356.42","Champions"
"ListEm","Chandlerbing","1397.22","Champions"
"ListEm","christhrowsrocks","1513.26","Admiral"
"ListEm","Kingships","1400.68","Admiral"
"ListEm","Indecent","1330.00","Dragon"
"ListEm","Wbrown999","1566.44","Dragon"
"ListEm","Apatel78","1348.60","Galaxy"
"ListEm","Klay","1273.16","Galaxy"
"ListEm","BustyBud","1358.70","Monarch"
"ListEm","dswan","1363.28","Monarch"
"tanay002","ikyn","1385.44","Champions"
"tanay002","Rob","1453.20","Champions"
"tanay002","AceJiggy","1418.82","Admiral"
"tanay002","Noro","1385.32","Admiral"
"tanay002","Carneasadanachos","1369.78","Dragon"
"tanay002","dudekids","1451.74","Dragon"
"tanay002","jnmaniac","1218.92","Galaxy"
"tanay002","Peltron3030","1529.92","Galaxy"
"tanay002","Eddie127","1331.14","Monarch"
"tanay002","dswan","1363.28","Monarch"
"Smelscifi","Crackal","1038.86","Champions"
"Smelscifi","Xentimental","1304.66","Champions"
"Smelscifi","Eli","1426.28","Admiral"
"Smelscifi","Clutch","1521.30","Admiral"
"Smelscifi","Carneasadanachos","1369.78","Dragon"
"Smelscifi","greg irl","1491.40","Dragon"
"Smelscifi","Jacko","1438.88","Galaxy"
"Smelscifi","led","1463.32","Galaxy"
"Smelscifi","Kieran563","1123.54","Monarch"
"Smelscifi","DaveBarnett22","1448.24","Monarch"
"Rob","ListEm","1425.68","Champions"
"Rob","Bootzay","1461.16","Champions"
"Rob","Kingships","1400.68","Admiral"
"Rob","FooL","1358.32","Admiral"
"Rob","Carneasadanachos","1369.78","Dragon"
"Rob","Spaniard","1350.32","Dragon"
"Rob","jnmaniac","1218.92","Galaxy"
"Rob","Peltron3030","1529.92","Galaxy"
"Rob","FoolsTP","1386.92","Monarch"
"Rob","Eddie127","1331.14","Monarch"
"Kieran563","vERTICLE","1577.86","Champions"
"Kieran563","hlve","1383.68","Champions"
"Kieran563","christhrowsrocks","1513.26","Admiral"
"Kieran563","FooL","1358.32","Admiral"
"Kieran563","dudekids","1451.74","Dragon"
"Kieran563","Smelscifi","1437.84","Dragon"
"Kieran563","Jacko","1438.88","Galaxy"
"Kieran563","Peltron3030","1529.92","Galaxy"
"Kieran563","Kieran563","1123.54","Monarch"
"Kieran563","dswan","1363.28","Monarch"
"Smashadams83","vERTICLE","1577.86","Champions"
"Smashadams83","Chandlerbing","1397.22","Champions"
"Smashadams83","Kingships","1400.68","Admiral"
"Smashadams83","Bakron","1422.34","Admiral"
"Smashadams83","dudekids","1451.74","Dragon"
"Smashadams83","Spaniard","1350.32","Dragon"
"Smashadams83","Apatel78","1348.60","Galaxy"
"Smashadams83","jnmaniac","1218.92","Galaxy"
"Smashadams83","BustyBud","1358.70","Monarch"
"Smashadams83","Eddie127","1331.14","Monarch"
"vert","vERTICLE","1577.86","Champions"
"vert","Rob","1453.20","Champions"
"vert","christhrowsrocks","1513.26","Admiral"
"vert","Jom","1523.16","Admiral"
"vert","dudekids","1451.74","Dragon"
"vert","DUME","1421.10","Dragon"
"vert","Peltron3030","1529.92","Galaxy"
"vert","Klay","1273.16","Galaxy"
"vert","Code Monkey","1651.00","Monarch"
"vert","Eddie127","1331.14","Monarch"
"Dswan","tc216997","1421.14","Champions"
"Dswan","ListEm","1425.68","Champions"
"Dswan","Tager","1418.26","Admiral"
"Dswan","Kingships","1400.68","Admiral"
"Dswan","Wbrown999","1566.44","Dragon"
"Dswan","Peppertoni","1313.32","Dragon"
"Dswan","Apatel78","1348.60","Galaxy"
"Dswan","jnmaniac","1218.92","Galaxy"
"Dswan","Wolff","1455.64","Monarch"
"Dswan","dswan","1363.28","Monarch"
"FooL","Rob","1453.20","Champions"
"FooL","vERTICLE","1577.86","Champions"
"FooL","Moose","1343.00","Admiral"
"FooL","Tager","1418.26","Admiral"
"FooL","Smelscifi","1437.84","Dragon"
"FooL","Spaniard","1350.32","Dragon"
"FooL","Peltron3030","1529.92","Galaxy"
"FooL","Herbal","1518.30","Galaxy"
"FooL","Eddie127","1331.14","Monarch"
"FooL","Kieran563","1123.54","Monarch"
"Templare1","Templare","1356.42","Champions"
"Templare1","ListEm","1425.68","Champions"
"Templare1","Tager","1418.26","Admiral"
"Templare1","christhrowsrocks","1513.26","Admiral"
"Templare1","dudekids","1451.74","Dragon"
"Templare1","mcady","1215.44","Dragon"
"Templare1","Apatel78","1348.60","Galaxy"
"Templare1","Klay","1273.16","Galaxy"
"Templare1","BustyBud","1358.70","Monarch"
"Templare1","Karan","1477.02","Monarch"
"Code Monkey","Chandlerbing","1397.22","Champions"
"Code Monkey","Templare","1356.42","Champions"
"Code Monkey","Moose","1343.00","Admiral"
"Code Monkey","christhrowsrocks","1513.26","Admiral"
"Code Monkey","dudekids","1451.74","Dragon"
"Code Monkey","Carneasadanachos","1369.78","Dragon"
"Code Monkey","Klay","1273.16","Galaxy"
"Code Monkey","KingPinOfficerBrando","1462.42","Galaxy"
"Code Monkey","Code Monkey","1651.00","Monarch"
"Code Monkey","Kieran563","1123.54","Monarch"
"mcady","ikyn","1385.44","Champions"
"mcady","Bootzay","1461.16","Champions"
"mcady","christhrowsrocks","1513.26","Admiral"
"mcady","Clutch","1521.30","Admiral"
"mcady","mcady","1215.44","Dragon"
"mcady","Indecent","1330.00","Dragon"
"mcady","Klay","1273.16","Galaxy"
"mcady","led","1463.32","Galaxy"
"mcady","dswan","1363.28","Monarch"
"mcady","Wolff","1455.64","Monarch"
"Madmike","ListEm","1425.68","Champions"
"Madmike","vERTICLE","1577.86","Champions"
"Madmike","Moose","1343.00","Admiral"
"Madmike","FooL","1358.32","Admiral"
"Madmike","Wbrown999","1566.44","Dragon"
"Madmike","Peppertoni","1313.32","Dragon"
"Madmike","madmike577","1075.34","Galaxy"
"Madmike","Peltron3030","1529.92","Galaxy"
"Madmike","FoolsTP","1386.92","Monarch"
"Madmike","Kieran563","1123.54","Monarch"
"NeoCommunist","Rob","1453.20","Champions"
"NeoCommunist","Bootzay","1461.16","Champions"
"NeoCommunist","christhrowsrocks","1513.26","Admiral"
"NeoCommunist","Moose","1343.00","Admiral"
"NeoCommunist","dudekids","1451.74","Dragon"
"NeoCommunist","mcady","1215.44","Dragon"
"NeoCommunist","madmike577","1075.34","Galaxy"
"NeoCommunist","Jacko","1438.88","Galaxy"
"NeoCommunist","BustyBud","1358.70","Monarch"
"NeoCommunist","benzo","1249.50","Monarch"
"Apatel78","Rob","1453.20","Champions"
"Apatel78","Bootzay","1461.16","Champions"
"Apatel78","christhrowsrocks","1513.26","Admiral"
"Apatel78","Jom","1523.16","Admiral"
"Apatel78","Carneasadanachos","1369.78","Dragon"
"Apatel78","dudekids","1451.74","Dragon"
"Apatel78","Apatel78","1348.60","Galaxy"
"Apatel78","Klay","1273.16","Galaxy"
"Apatel78","BustyBud","1358.70","Monarch"
"Apatel78","FoolsTP","1386.92","Monarch"
"Benzo","Rob","1453.20","Champions"
"Benzo","ikyn","1385.44","Champions"
"Benzo","Kingships","1400.68","Admiral"
"Benzo","Jom","1523.16","Admiral"
"Benzo","Peppertoni","1313.32","Dragon"
"Benzo","Carneasadanachos","1369.78","Dragon"
"Benzo","Herbal","1518.30","Galaxy"
"Benzo","KingPinOfficerBrando","1462.42","Galaxy"
"Benzo","BustyBud","1358.70","Monarch"
"Benzo","Wolff","1455.64","Monarch"
"Karan","tc216997","1421.14","Champions"
"Karan","ListEm","1425.68","Champions"
"Karan","christhrowsrocks","1513.26","Admiral"
"Karan","Noro","1385.32","Admiral"
"Karan","dudekids","1451.74","Dragon"
"Karan","tanay002","1379.54","Dragon"
"Karan","Smashadams","1384.82","Galaxy"
"Karan","Peltron3030","1529.92","Galaxy"
"Karan","Karan","1477.02","Monarch"
"Karan","Code Monkey","1651.00","Monarch"
"Brando","Rob","1453.20","Champions"
"Brando","vERTICLE","1577.86","Champions"
"Brando","Jom","1523.16","Admiral"
"Brando","christhrowsrocks","1513.26","Admiral"
"Brando","Carneasadanachos","1369.78","Dragon"
"Brando","dudekids","1451.74","Dragon"
"Brando","KingPinOfficerBrando","1462.42","Galaxy"
"Brando","madmike577","1075.34","Galaxy"
"Brando","BustyBud","1358.70","Monarch"
"Brando","Eddie127","1331.14","Monarch"
"Jom","Rob","1453.20","Champions"
"Jom","vERTICLE","1577.86","Champions"
"Jom","Noro","1385.32","Admiral"
"Jom","AceJiggy","1418.82","Admiral"
"Jom","Wbrown999","1566.44","Dragon"
"Jom","dudekids","1451.74","Dragon"
"Jom","madmike577","1075.34","Galaxy"
"Jom","jnmaniac","1218.92","Galaxy"
"Jom","BustyBud","1358.70","Monarch"
"Jom","benzo","1249.50","Monarch"
"Tager","vERTICLE","1577.86","Champions"
"Tager","Templare","1356.42","Champions"
"Tager","Tager","1418.26","Admiral"
"Tager","Noro","1385.32","Admiral"
"Tager","Spaniard","1350.32","Dragon"
"Tager","Indecent","1330.00","Dragon"
"Tager","iWaffle","1509.04","Galaxy"
"Tager","jnmaniac","1218.92","Galaxy"
"Tager","FoolsTP","1386.92","Monarch"
"Tager","Code Monkey","1651.00","Monarch"
"Perfect Lineup","vERTICLE","1577.86","Champions"
"Perfect Lineup","glass","1469.70","Champions"
"Perfect Lineup","Jom","1523.16","Admiral"
"Perfect Lineup","Clutch","1521.30","Admiral"
"Perfect Lineup","WBrown999","1566.44","Dragon"
"Perfect Lineup","greg irl","1491.40","Dragon"
"Perfect Lineup","Herbal","1518.30","Galaxy"
"Perfect Lineup","Peltron3030","1529.92","Galaxy"
"Perfect Lineup","Code Monkey","1651.00","Monarch"
"Perfect Lineup","Karan","1477.02","Monarch"