"Manager","League","Points","Tier-Two Points","Rank","StDev","Points Last Week","Tier-Two Points Last Week","Last Week Rank","Week 1","Week 2","Week 3","Week 4","Week 5","Week 6","Week 7","Week 8","Week 9","Week 10","Week 11","Week 12","Week 13"
"AceJiggy","Admiral","1576.56","1576.56","3","22.19","1480.82","1480.82","2","141.42","90.74","136.86","124.34","142.42","114.20","70.26","145.50","141.60","123.94","121.14","128.40","95.74"
"Bakron","Admiral","1383.24","1383.24","22","22.40","1291.34","1291.34","22","113.12","109.52","108.36","109.30","77.39","104.32","76.14","105.88","88.36","168.94","107.93","122.08","91.90"
"Crackal","Admiral","1359.42","1359.42","30","26.63","1249.10","1249.10","31","116.90","86.92","93.64","70.10","134.28","82.02","130.60","133.76","46.26","102.86","135.40","116.36","110.32"
"Eli","Admiral","1471.50","1471.50","9","15.36","1389.50","1389.50","8","106.66","124.38","111.33","122.38","96.39","139.54","129.02","128.62","118.02","112.77","102.58","97.81","82.00"
"FooL","Admiral","1452.64","1452.64","11","22.79","1348.62","1348.62","13","129.76","97.70","114.76","159.38","133.35","126.24","96.06","132.84","95.80","104.72","72.77","85.24","104.02"
"DaveBarnett22**","Admiral","1357.56","1357.56","31","27.73","1245.24","1245.24","32","102.44","90.30","173.94","101.30","122.39","102.60","76.34","84.68","98.72","65.73","84.30","142.50","112.32"
"Jom Hates Julio","Admiral","1224.24","1224.24","45","19.68","1119.28","1119.28","45","102.76","105.17","97.47","100.48","96.10","48.22","103.02","72.58","134.78","85.32","95.96","77.42","104.96"
"Kaboosh","Admiral","1304.42","1304.42","40","12.68","1203.56","1203.56","39","97.40","113.66","95.39","102.10","113.22","88.56","74.41","92.66","124.60","113.12","91.54","96.90","100.86"
"Peppertoni","Admiral","1308.55","1308.55","37","22.51","1218.64","1218.64","38","115.92","98.62","101.22","63.03","144.36","75.90","102.18","110.58","70.59","92.98","134.92","108.34","89.91"
"PhilHC","Admiral","1261.59","1261.59","43","20.47","1146.34","1146.34","44","82.50","76.86","135.74","68.62","110.04","120.52","104.06","114.90","79.28","82.78","98.16","72.88","115.25"
"Tanay002","Admiral","1328.43","1328.43","34","18.37","1243.45","1243.45","33","104.92","115.62","106.37","104.30","145.49","123.70","71.06","98.30","79.76","97.22","98.68","98.03","84.98"
"WBrown","Admiral","1512.06","1512.06","7","22.72","1387.26","1387.26","10","142.82","119.86","122.14","71.40","138.14","111.60","118.12","138.11","149.29","95.68","91.68","88.42","124.80"
"Avanhokie","CL","1286.42","0.00","49","16.03","1194.20","0.00","49","111.64","88.72","123.07","98.58","102.41","74.42","71.72","110.48","117.90","79.12","112.62","103.52","92.22"
"Bootzay","CL","1419.08","0.00","49","18.42","1316.04","0.00","49","132.40","135.56","71.14","85.07","111.52","106.32","98.28","126.40","106.58","128.28","119.51","94.98","103.04"
"Clutch","CL","1410.63","0.00","49","10.96","1296.43","0.00","49","107.60","111.48","122.73","101.38","109.06","111.14","94.62","81.12","106.02","109.82","118.60","122.86","114.20"
"Glass","CL","1492.49","0.00","49","16.38","1385.99","0.00","49","107.94","121.20","138.49","105.10","136.97","147.00","126.34","99.78","102.12","100.03","101.42","99.60","106.50"
"Ikyn","CL","1541.19","0.00","49","29.60","1423.98","0.00","49","161.82","95.06","151.64","99.40","156.04","80.60","114.32","143.61","115.64","137.12","58.66","110.07","117.21"
"Karan","CL","1293.15","0.00","49","17.92","1222.43","0.00","49","81.16","106.52","84.92","120.00","87.14","103.40","95.24","138.46","91.01","117.06","109.80","87.72","70.72"
"Kingships","CL","1357.72","0.00","49","29.69","1242.74","0.00","49","79.10","102.06","144.84","76.00","133.82","93.26","87.11","174.91","98.20","89.40","62.84","101.20","114.98"
"Rob","CL","1435.59","0.00","49","16.16","1335.58","0.00","49","114.96","111.40","114.81","135.18","138.30","103.04","122.76","91.02","83.15","123.38","105.54","92.04","100.01"
"Spaniard","CL","1201.48","0.00","49","12.16","1085.96","0.00","49","106.20","81.42","85.06","71.98","93.77","100.02","85.66","96.80","73.44","101.97","91.78","97.86","115.52"
"Tee Cee","CL","1563.92","0.00","49","18.45","1440.42","0.00","49","119.72","96.26","147.44","111.80","109.34","113.52","90.94","99.53","147.64","146.09","128.68","129.46","123.50"
"Templare","CL","1425.29","0.00","49","14.50","1339.10","0.00","49","83.06","116.32","101.22","124.14","112.17","103.60","124.76","99.20","131.80","105.04","112.29","125.50","86.19"
"theone0810","CL","1359.67","0.00","49","21.85","1294.39","0.00","49","109.42","86.24","114.26","87.60","89.96","146.74","108.64","117.18","89.21","89.98","138.72","116.44","65.28"
"Apollo","Dragon","1428.41","1428.41","16","27.85","1353.16","1353.16","12","80.54","77.62","134.54","120.14","103.49","149.60","89.24","168.78","129.84","104.49","100.52","94.36","75.25"
"BigJohn","Dragon","1162.56","1162.56","48","16.09","1049.01","1049.01","48","84.12","102.14","107.04","72.02","58.36","95.74","89.16","89.28","108.83","94.58","80.46","67.28","113.55"
"Brando","Dragon","1397.00","1397.00","20","16.52","1294.29","1294.29","21","103.56","111.80","87.36","130.78","141.80","107.94","96.56","86.90","95.70","100.88","131.47","99.54","102.71"
"CarneAsadaNacho","Dragon","1408.34","1408.34","18","18.68","1301.18","1301.18","20","138.90","71.62","95.67","112.14","112.97","98.90","84.86","122.00","112.59","126.26","92.00","133.27","107.16"
"Chandlerbing","Dragon","1580.15","1580.15","2","14.46","1470.85","1470.85","3","141.26","147.18","124.18","100.28","136.84","113.54","130.92","107.27","100.32","125.52","119.88","123.66","109.30"
"Code Monkey","Dragon","1407.31","1407.31","19","23.53","1306.07","1306.07","18","144.66","82.02","126.27","86.20","141.14","92.80","79.06","101.84","141.56","81.28","124.44","104.80","101.24"
"dudekids","Dragon","1360.83","1360.83","29","21.69","1231.81","1231.81","34","108.92","126.06","60.65","138.18","103.92","70.86","98.41","109.15","104.14","90.92","94.04","126.56","129.02"
"Eddie127","Dragon","1383.24","1383.24","22","17.58","1316.77","1316.77","16","99.64","118.02","113.72","98.48","136.35","115.30","114.52","105.38","81.90","126.82","108.22","98.42","66.47"
"FoolsTP","Dragon","1334.25","1334.25","33","21.42","1249.35","1249.35","30","105.64","84.70","153.04","94.50","97.67","110.50","74.84","72.48","126.92","105.38","121.28","102.40","84.90"
"Gggreg","Dragon","1383.67","1383.67","21","19.58","1269.56","1269.56","25","122.52","102.56","107.34","102.45","140.24","124.10","98.02","120.56","118.69","90.65","67.51","74.92","114.11"
"ListEm","Dragon","1439.78","1439.78","13","27.73","1368.32","1368.32","11","109.80","77.70","144.42","58.43","123.05","135.12","126.78","141.41","90.30","143.34","103.44","114.53","71.46"
"mcady","Dragon","1559.12","1559.12","4","21.43","1464.12","1464.12","4","131.12","138.22","166.71","118.10","130.19","96.32","96.94","142.56","122.66","121.79","108.88","90.63","95.00"
"AtomicDom","Galaxy","1169.69","1169.69","47","27.31","1055.67","1055.67","47","52.12","72.16","87.95","75.78","95.82","132.72","148.62","98.60","74.34","74.32","89.28","53.96","114.02"
"christhrowsrocks","Galaxy","1502.39","1502.39","8","28.35","1402.59","1402.59","6","131.60","109.26","158.34","140.42","114.82","122.12","81.11","117.62","157.48","100.88","118.46","50.48","99.80"
"Ender","Galaxy","1449.92","1449.92","12","20.63","1344.07","1344.07","14","122.72","113.82","139.86","72.60","120.24","119.82","76.24","141.96","91.61","116.99","101.93","126.28","105.85"
"Fluff","Galaxy","1370.30","1370.30","25","21.16","1254.58","1254.58","27","114.34","91.62","109.60","68.10","115.71","73.00","111.22","112.58","89.20","152.77","96.62","119.82","115.72"
"Herbal","Galaxy","1335.17","1335.17","32","18.35","1269.99","1269.99","24","112.14","106.72","121.92","132.88","99.84","84.92","80.88","86.01","120.80","113.34","110.34","100.20","65.18"
"hlve","Galaxy","1588.11","1588.11","1","31.00","1495.07","1495.07","1","138.46","134.66","124.99","111.40","192.47","122.86","72.06","163.96","128.70","95.08","88.64","121.79","93.04"
"Jad","Galaxy","1326.81","1326.81","35","17.40","1225.22","1225.22","36","93.70","96.20","105.19","74.70","133.72","103.30","92.64","114.88","119.17","122.78","69.04","99.90","101.59"
"Jesustron6000","Galaxy","1366.13","1366.13","27","16.35","1266.93","1266.93","26","135.82","98.48","132.53","97.18","100.54","125.20","98.12","98.26","118.44","86.02","89.38","86.96","99.20"
"Miyugai","Galaxy","1257.20","1257.20","44","18.64","1164.64","1164.64","43","116.06","81.42","141.82","91.29","101.65","89.40","79.72","84.63","92.94","70.70","93.50","121.51","92.56"
"NeoSmurf","Galaxy","1181.58","1181.58","46","14.64","1079.12","1079.12","46","92.00","96.92","105.92","114.70","76.29","76.10","83.46","107.68","61.66","98.83","83.82","81.74","102.46"
"Peltron3030","Galaxy","1308.35","1308.35","38","23.39","1225.61","1225.61","35","79.02","76.66","78.02","111.64","114.17","94.85","72.86","91.70","130.70","147.66","131.05","97.28","82.74"
"xentimental","Galaxy","1428.65","1428.65","15","16.70","1310.00","1310.00","17","132.12","118.24","120.96","91.75","141.46","103.34","96.54","118.18","81.36","93.17","114.46","98.42","118.65"
"Apatel78","Monarch","1438.21","1438.21","14","15.00","1323.43","1323.43","15","140.22","120.06","91.89","110.30","101.74","112.70","108.12","117.46","121.04","125.12","82.06","92.72","114.78"
"BustyMoses","Monarch","1298.47","1298.47","41","11.53","1200.15","1200.15","40","89.00","126.26","94.19","86.30","87.27","109.56","92.16","111.66","106.10","110.36","96.64","90.65","98.32"
"dswan","Monarch","1411.29","1411.29","17","31.99","1303.07","1303.07","19","102.92","82.14","128.16","136.00","95.86","137.60","53.64","186.34","112.50","99.57","77.82","90.52","108.22"
"Indecent","Monarch","1522.96","1522.96","5","27.13","1452.26","1452.26","5","114.44","105.92","130.62","106.80","156.37","130.90","68.38","89.58","154.52","135.54","123.29","135.90","70.70"
"iWaffle","Monarch","1324.27","1324.27","36","26.55","1252.21","1252.21","29","114.82","75.06","121.95","120.58","91.82","71.22","138.06","114.00","120.04","53.92","91.48","139.26","72.06"
"jnmaniac1","Monarch","1308.14","1308.14","39","19.73","1183.38","1183.38","42","96.86","102.90","124.46","84.08","121.15","102.64","64.96","70.17","102.10","90.78","129.64","93.64","124.76"
"Klay","Monarch","1462.85","1462.85","10","30.62","1388.15","1388.15","9","50.04","122.32","124.12","127.84","154.52","124.40","101.46","122.48","95.54","171.09","103.08","91.26","74.70"
"Madmike","Monarch","1370.77","1370.77","24","19.21","1254.25","1254.25","28","126.10","87.46","103.04","88.82","124.52","110.12","114.36","106.83","73.88","82.28","143.96","92.88","116.52"
"noro","Monarch","1283.43","1283.43","42","24.18","1190.24","1190.24","41","73.44","91.62","86.72","101.58","171.85","80.22","85.37","109.68","106.70","114.17","88.21","80.68","93.19"
"smelscifi","Monarch","1367.46","1367.46","26","23.73","1223.35","1223.35","37","149.62","99.32","126.66","70.50","94.54","91.52","73.64","118.30","94.16","85.38","102.42","117.29","144.11"
"tager","Monarch","1361.09","1361.09","28","28.48","1280.58","1280.58","23","131.90","83.92","151.40","96.45","109.06","106.50","119.94","78.08","56.91","157.88","83.22","105.32","80.51"
"verticle","Monarch","1514.83","1514.83","6","16.38","1392.83","1392.83","7","148.86","131.58","118.93","101.28","87.04","102.44","124.22","94.70","125.12","131.72","110.28","116.66","122.00"