Week,Player,Choice,Type,Fantasy Points
1,christhrowsrocks,Jameis Winston,Standard,29.62
1,FoolsTP,Jameis Winston,Standard,29.62
1,Peltron3030,Ben Roethlisberger,Standard,12.02
1,Dudekids,Jimmy Garoppolo,Standard,14.76
1,Code Monkey,Teddy Bridgewater,Standard,20.46
1,Kingships,Ryan Fitzpatrick,Standard,0.72
1,Templare1,Jameis Winston,Standard,29.62
1,Bootz,Zach Wilson,Standard,18.32
1,Chandlerbing310,Zach Wilson,Standard,18.32
1,Moose,Jimmy Garoppolo,Standard,14.76
1,Apatel,Ryan Fitzpatrick,Standard,0.72
1,BustyBass,Jameis Winston,Standard,29.62
1,Rob,Ben Roethlisberger,Standard,12.02
1,tanay002,Ben Roethlisberger,Standard,12.02
1,Klay,Ryan Fitzpatrick,Standard,0.72
1,Smashadams ,Ryan Fitzpatrick,Standard,0.72
1,Wolff,Ryan Fitzpatrick,Standard,0.72
1,tee cee,Sam Darnold,Standard,19.06
1,Kieran563,Jimmy Garoppolo,Standard,14.76
1,Selyk,Ryan Fitzpatrick,Standard,0.72
1,Herbal,Ryan Fitzpatrick,Standard,0.72
1,verticle,Ryan Fitzpatrick,Standard,0.72
1,Pandabair,Sam Darnold,Standard,19.06
1,ikyn,Jameis Winston,Standard,29.62
1,Noro,Jameis Winston,Standard,29.62
1,Bakron,Jameis Winston,Standard,29.62
1,FooL,Derek Carr,Standard,24.00
1,elementsoul,Carson Wentz,Standard,18.34
1,Benziti,Sam Darnold,Standard,19.06
1,AceJiggy19,Jameis Winston,Standard,29.62
1,Spaniard,Ryan Fitzpatrick,Standard,0.72
1,Jad,Zach Wilson,Standard,18.32
1,christhrowsrocks,Jimmy Garoppolo,Deep,14.76
1,FoolsTP,Daniel Jones,Deep,21.38
1,Peltron3030,Tyrod Taylor,Deep,23.64
1,Dudekids,Zach Wilson,Deep,18.32
1,Code Monkey,Sam Darnold,Deep,19.06
1,Kingships,Sam Darnold,Deep,19.06
1,Templare1,Sam Darnold,Deep,19.06
1,Bootz,Zach Wilson,Deep,18.32
1,Chandlerbing310,Zach Wilson,Deep,18.32
1,Moose,Sam Darnold,Deep,19.06
1,Apatel,Tyrod Taylor,Deep,23.64
1,BustyBass,Derek Carr,Deep,24.00
1,Rob,Sam Darnold,Deep,19.06
1,tanay002,Derek Carr,Deep,24.00
1,Klay,Jimmy Garoppolo,Deep,14.76
1,Smashadams ,Sam Darnold,Deep,19.06
1,Wolff,Teddy Bridgewater,Deep,20.46
1,tee cee,Sam Darnold,Deep,19.06
1,Kieran563,Sam Darnold,Deep,19.06
1,Selyk,Jimmy Garoppolo,Deep,14.76
1,Herbal,Sam Darnold,Deep,19.06
1,verticle,Sam Darnold,Deep,19.06
1,Pandabair,Zach Wilson,Deep,18.32
1,ikyn,Zach Wilson,Deep,18.32
1,Noro,Zach Wilson,Deep,18.32
1,Bakron,Sam Darnold,Deep,19.06
1,FooL,Sam Darnold,Deep,19.06
1,elementsoul,Jimmy Garoppolo,Deep,14.76
1,Benziti,Teddy Bridgewater,Deep,20.46
1,AceJiggy19,Sam Darnold,Deep,19.06
1,Spaniard,Derek Carr,Deep,24.00
1,Jad,Sam Darnold,Deep,19.06
1,CONSENSUS,Ryan Fitzpatrick,Standard,0.72
1,CONSENSUS,Sam Darnold,Deep,19.06
2,christhrowsrocks,Mac Jones,Standard,7.44
2,Templare1,Teddy Bridgewater,Standard,21.22
2,FoolsTP,Carson Wentz,Standard,17.58
2,apatel,Sam Darnold,Standard,18.90
2,Smashadams ,Teddy Bridgewater,Standard,21.22
2,verticle,Teddy Bridgewater,Standard,21.22
2,BustyBass,Teddy Bridgewater,Standard,21.22
2,Klay,Teddy Bridgewater,Standard,21.22
2,tanay002,Ben Roethlisberger,Standard,13.80
2,Peltron3030,Mac Jones,Standard,7.44
2,Kingships,Ben Roethlisberger,Standard,13.80
2,ikyn,Jimmy Garoppolo,Standard,19.56
2,Madmike,Ben Roethlisberger,Standard,13.80
2,Moose,Mac Jones,Standard,7.44
2,Noro,Jared Goff,Standard,18.44
2,Herbal,Teddy Bridgewater,Standard,21.22
2,Wolff,Teddy Bridgewater,Standard,21.22
2,elementsoul,Taylor Heinicke,Standard,20.04
2,Pandabair,Jimmy Garoppolo,Standard,19.56
2,Chandlerbing310,Mac Jones,Standard,7.44
2,Selyk,Teddy Bridgewater,Standard,21.22
2,tee cee,Jared Goff,Standard,18.44
2,Kieran563,Teddy Bridgewater,Standard,21.22
2,Dudekids,Ben Roethlisberger,Standard,13.80
2,EliteDanger,Teddy Bridgewater,Standard,21.22
2,Bootz,Mac Jones,Standard,7.44
2,christhrowsrocks,Mac Jones,Deep,7.44
2,Templare1,Teddy Bridgewater,Deep,21.22
2,FoolsTP,Daniel Jones,Deep,29.46
2,apatel,Mac Jones,Deep,7.44
2,Smashadams ,Mac Jones,Deep,7.44
2,verticle,Teddy Bridgewater,Deep,21.22
2,BustyBass,Jared Goff,Deep,18.44
2,Klay,Jared Goff,Deep,18.44
2,tanay002,Derek Carr,Deep,24.18
2,Peltron3030,Jared Goff,Deep,18.44
2,Kingships,Mac Jones,Deep,7.44
2,ikyn,Mac Jones,Deep,7.44
2,Madmike,Teddy Bridgewater,Deep,21.22
2,Moose,Teddy Bridgewater,Deep,21.22
2,Noro,Teddy Bridgewater,Deep,21.22
2,Herbal,Derek Carr,Deep,24.18
2,Wolff,Tyrod Taylor,Deep,16.50
2,elementsoul,Teddy Bridgewater,Deep,21.22
2,Pandabair,Andy Dalton,Deep,8.74
2,Chandlerbing310,Teddy Bridgewater,Deep,21.22
2,Selyk,Sam Darnold,Deep,18.90
2,tee cee,Jared Goff,Deep,18.44
2,Kieran563,Jared Goff,Deep,18.44
2,Dudekids,Teddy Bridgewater,Deep,21.22
2,EliteDanger,Tyrod Taylor,Deep,16.50
2,Bootz,Mac Jones,Deep,7.44
2,CONSENSUS,Teddy Bridgewater,Standard,21.22
2,CONSENSUS,Teddy Bridgewater,Deep,21.22
3,christhrowsrocks,Teddy Bridgewater,Standard,11.80
3,FoolsTP,Teddy Bridgewater,Standard,11.80
3,Dudekids,Teddy Bridgewater,Standard,11.80
3,FooL,Daniel Jones,Standard,16.54
3,Chandlerbing310,Jacob Eason,Standard,0.00
3,Kingships,Sam Darnold,Standard,25.26
3,Herbal,Derek Carr,Standard,21.24
3,BustyBass,Daniel Jones,Standard,16.54
3,Bakron,Derek Carr,Standard,21.24
3,verticle,Daniel Jones,Standard,16.54
3,Bootz,Sam Darnold,Standard,25.26
3,Rob,Daniel Jones,Standard,16.54
3,ikyn,Daniel Jones,Standard,16.54
3,Selyk,Derek Carr,Standard,21.24
3,Templare1,Daniel Jones,Standard,16.54
3,Klay,Teddy Bridgewater,Standard,11.80
3,Wolff,Teddy Bridgewater,Standard,11.80
3,Peltron3030,Daniel Jones,Standard,16.54
3,Moose,Teddy Bridgewater,Standard,11.80
3,Ender,Sam Darnold,Standard,25.26
3,Smashadams ,Daniel Jones,Standard,16.54
3,tanay002,Derek Carr,Standard,21.24
3,Noro,Teddy Bridgewater,Standard,11.80
3,Madmike,Daniel Jones,Standard,16.54
3,tee cee,Daniel Jones,Standard,16.54
3,Code Monkey,Teddy Bridgewater,Standard,11.80
3,Kieran563,Derek Carr,Standard,21.24
3,Elementsoul,Teddy Bridgewater,Standard,11.80
3,christhrowsrocks,Sam Darnold,Deep,25.26
3,FoolsTP,Jimmy Garoppolo,Deep,14.68
3,Dudekids,Sam Darnold,Deep,25.26
3,FooL,Jimmy Garoppolo,Deep,14.68
3,Chandlerbing310,Jared Goff,Deep,9.08
3,Kingships,Sam Darnold,Deep,25.26
3,Herbal,Sam Darnold,Deep,25.26
3,BustyBass,Jimmy Garoppolo,Deep,14.68
3,Bakron,Jared Goff,Deep,9.08
3,verticle,Sam Darnold,Deep,25.26
3,Bootz,Sam Darnold,Deep,25.26
3,Rob,Sam Darnold,Deep,25.26
3,ikyn,Jared Goff,Deep,9.08
3,Selyk,Sam Darnold,Deep,25.26
3,Templare1,Sam Darnold,Deep,25.26
3,Klay,Sam Darnold,Deep,25.26
3,Wolff,Sam Darnold,Deep,25.26
3,Peltron3030,Sam Darnold,Deep,25.26
3,Moose,Sam Darnold,Deep,25.26
3,Ender,Davis Mills,Deep,10.72
3,Smashadams ,Sam Darnold,Deep,25.26
3,tanay002,Davis Mills,Deep,10.72
3,Noro,Jimmy Garoppolo,Deep,14.68
3,Madmike,Jimmy Garoppolo,Deep,14.68
3,tee cee,Jimmy Garoppolo,Deep,14.68
3,Code Monkey,Jimmy Garoppolo,Deep,14.68
3,Kieran563,Mac Jones,Deep,11.60
3,Elementsoul,Jared Goff,Deep,9.08
3,CONSENSUS,Daniel Jones,Standard,16.54
3,CONSENSUS,Sam Darnold,Deep,25.26
4,christhrowsrocks,Taylor Heinicke,Standard,27.90
4,elementsoul,Jameis Winston,Standard,13.04
4,Madmike,Daniel Jones,Standard,26.78
4,Apatel,Daniel Jones,Standard,26.78
4,Noro,Sam Darnold,Standard,31.54
4,verticle,Sam Darnold,Standard,31.54
4,Dudekids,Sam Darnold,Standard,31.54
4,Peltron3030,Zach Wilson,Standard,17.68
4,ikyn,Ben Roethlisberger,Standard,9.28
4,Kingships,Sam Darnold,Standard,31.54
4,Bootz,Taylor Heinicke,Standard,27.90
4,Ender,Jameis Winston,Standard,13.04
4,Moose,Jameis Winston,Standard,13.04
4,Templare1,Sam Darnold,Standard,31.54
4,Selyk,Daniel Jones,Standard,26.78
4,Bakron,Ben Roethlisberger,Standard,9.28
4,Klay,Sam Darnold,Standard,31.54
4,tee cee,Sam Darnold,Standard,31.54
4,Code Monkey,Jimmy Garoppolo,Standard,8.60
4,Smashadams ,Ben Roethlisberger,Standard,9.28
4,BustyBass,Jameis Winston,Standard,13.04
4,Herbal,Sam Darnold,Standard,31.54
4,Kieran563,Taylor Heinicke,Standard,27.90
4,Chandlerbing310,Jimmy Garoppolo,Standard,8.60
4,FooL,Taylor Heinicke,Standard,27.90
4,christhrowsrocks,Taylor Heinicke,Deep,27.90
4,elementsoul,Taylor Heinicke,Deep,27.90
4,Madmike,Taylor Heinicke,Deep,27.90
4,Apatel,Jared Goff,Deep,16.76
4,Noro,Jimmy Garoppolo,Deep,8.60
4,verticle,Taylor Heinicke,Deep,27.90
4,Dudekids,Taylor Heinicke,Deep,27.90
4,Peltron3030,Taylor Heinicke,Deep,27.90
4,ikyn,Taylor Heinicke,Deep,27.90
4,Kingships,Teddy Bridgewater,Deep,6.80
4,Bootz,Taylor Heinicke,Deep,27.90
4,Ender,Carson Wentz,Deep,17.92
4,Moose,Jacoby Brissett,Deep,14.76
4,Templare1,Taylor Heinicke,Deep,27.90
4,Selyk,Taylor Heinicke,Deep,27.90
4,Bakron,Jared Goff,Deep,16.76
4,Klay,Taylor Heinicke,Deep,27.90
4,tee cee,Teddy Bridgewater,Deep,6.80
4,Code Monkey,Jimmy Garoppolo,Deep,8.60
4,Smashadams ,Taylor Heinicke,Deep,27.90
4,BustyBass,Jacoby Brissett,Deep,14.76
4,Herbal,Taylor Heinicke,Deep,27.90
4,Kieran563,Zach Wilson,Deep,17.68
4,Chandlerbing310,Taylor Heinicke,Deep,27.90
4,FooL,Jimmy Garoppolo,Deep,8.60
4,CONSENSUS,Sam Darnold,Standard,31.54
4,CONSENSUS,Taylor Heinicke,Deep,27.90
5,Jom,Daniel Jones,Standard,4.82
5,elementsoul,Justin Fields,Standard,8.84
5,ikyn,Sam Darnold,Standard,6.08
5,Klay,Daniel Jones,Standard,4.82
5,Code Monkey,Sam Darnold,Standard,6.08
5,Moose,Sam Darnold,Standard,6.08
5,christhrowsrocks,Daniel Jones,Standard,4.82
5,kingships,Trey Lance,Standard,14.58
5,Bakron,Sam Darnold,Standard,6.08
5,Smashadams ,Sam Darnold,Standard,6.08
5,Noro,Daniel Jones,Standard,4.82
5,Herbal,Sam Darnold,Standard,6.08
5,Chandlerbing310,Justin Fields,Standard,8.84
5,Bootz,Zach Wilson,Standard,7.98
5,Dudekids,Sam Darnold,Standard,6.08
5,verticle,Sam Darnold,Standard,6.08
5,Ender,Daniel Jones,Standard,4.82
5,Selyk,Daniel Jones,Standard,4.82
5,BustyBass,Jameis Winston,Standard,25.76
5,Peltron3030,Trey Lance,Standard,14.58
5,Templare1,Trey Lance,Standard,14.58
5,FooL,Daniel Jones,Standard,4.82
5,Kieran563,Mac Jones,Standard,11.54
5,tee cee,Daniel Jones,Standard,4.82
5,Jom,Mac Jones,Deep,11.54
5,elementsoul,Taylor Heinicke,Deep,9.92
5,ikyn,Zach Wilson,Deep,7.98
5,Klay,Taylor Heinicke,Deep,9.92
5,Code Monkey,Zach Wilson,Deep,7.98
5,Moose,Mac Jones,Deep,11.54
5,christhrowsrocks,Taylor Heinicke,Deep,9.92
5,kingships,Taylor Heinicke,Deep,9.92
5,Bakron,Jared Goff,Deep,6.12
5,Smashadams ,Zach Wilson,Deep,7.98
5,Noro,Zach Wilson,Deep,7.98
5,Herbal,Taylor Heinicke,Deep,9.92
5,Chandlerbing310,Zach Wilson,Deep,7.98
5,Bootz,Zach Wilson,Deep,7.98
5,Dudekids,Zach Wilson,Deep,7.98
5,verticle,Taylor Heinicke,Deep,9.92
5,Ender,Jared Goff,Deep,6.12
5,Selyk,Mac Jones,Deep,11.54
5,BustyBass,Mac Jones,Deep,11.54
5,Peltron3030,Zach Wilson,Deep,7.98
5,Templare1,Zach Wilson,Deep,7.98
5,FooL,Zach Wilson,Deep,7.98
5,Kieran563,Zach Wilson,Deep,7.98
5,tee cee,Zach Wilson,Deep,7.98
5,CONSENSUS,Daniel Jones/Sam Darnold,Standard,5.45
5,CONSENSUS,Zach Wilson,Deep,7.98
6,Chandlerbing310,Mac Jones,Standard,14.76
6,Klay,Taylor Heinicke,Standard,9.28
6,Moose,Justin Fields,Standard,13.26
6,BustyBass,Ben Roethlisberger,Standard,10.86
6,Herbal,Taylor Heinicke,Standard,9.28
6,Selyk,Teddy Bridgewater,Standard,18.26
6,Templare1,Taylor Heinicke,Standard,9.28
6,christhrowsrocks,Taylor Heinicke,Standard,9.28
6,Elementsoul,Carson Wentz,Standard,17.02
6,Bakron,Taylor Heinicke,Standard,9.28
6,Tee cee,Taylor Heinicke,Standard,9.28
6,FooL,Carson Wentz,Standard,17.02
6,Smashadams ,Taylor Heinicke,Standard,9.28
6,Kingships,Taylor Heinicke,Standard,9.28
6,ikyn,Taylor Heinicke,Standard,9.28
6,Kieran563,Taylor Heinicke,Standard,9.28
6,Dudekids,Carson Wentz,Standard,17.02
6,Noro,Carson Wentz,Standard,17.02
6,Bootz,Taylor Heinicke,Standard,9.28
6,Verticle,Taylor Heinicke,Standard,9.28
6,Code Monkey,Ben Roethlisberger,Standard,10.86
6,Peltron3030,Ben Roethlisberger,Standard,10.86
6,Chandlerbing310,Mac Jones,Deep,14.76
6,Klay,Teddy Bridgewater,Deep,18.26
6,Moose,Teddy Bridgewater,Deep,18.26
6,BustyBass,Teddy Bridgewater,Deep,18.26
6,Herbal,Taylor Heinicke,Deep,9.28
6,Selyk,Taylor Heinicke,Deep,9.28
6,Templare1,Taylor Heinicke,Deep,9.28
6,christhrowsrocks,Taylor Heinicke,Deep,9.28
6,Elementsoul,Taylor Heinicke,Deep,9.28
6,Bakron,Geno Smith,Deep,10.26
6,Tee cee,Taylor Heinicke,Deep,9.28
6,FooL,Geno Smith,Deep,10.26
6,Smashadams ,Geno Smith,Deep,10.26
6,Kingships,Taylor Heinicke,Deep,9.28
6,ikyn,Taylor Heinicke,Deep,9.28
6,Kieran563,Teddy Bridgewater,Deep,18.26
6,Dudekids,Tua Tagovailoa,Deep,21.36
6,Noro,Tua Tagovailoa,Deep,21.36
6,Bootz,Taylor Heinicke,Deep,9.28
6,Verticle,Taylor Heinicke,Deep,9.28
6,Code Monkey,Taylor Heinicke,Deep,9.28
6,Peltron3030,Teddy Bridgewater,Deep,18.26
6,CONSENSUS,Taylor Heinicke,Standard,9.28
6,CONSENSUS,Taylor Heinicke,Deep,9.28
7,christhrowsrocks,Justin Fields,Standard,1.16
7,Peltron3030,Tua Tagovailoa,Standard,26.54
7,Madmike,Daniel Jones,Standard,17.02
7,Templare1,Tua Tagovailoa,Standard,26.54
7,Moose,Tua Tagovailoa,Standard,26.54
7,BustyBass,Daniel Jones,Standard,17.02
7,Smashadams ,Tua Tagovailoa,Standard,26.54
7,bakron,Carson Wentz,Standard,20.30
7,kingships,Justin Fields,Standard,1.16
7,Elementsoul,Mac Jones,Standard,22.18
7,Noro,Tua Tagovailoa,Standard,26.54
7,FooL,Tua Tagovailoa,Standard,26.54
7,Herbal,Tua Tagovailoa,Standard,26.54
7,Selyk,Jameis Winston,Standard,16.88
7,Ender,Jared Goff,Standard,11.02
7,Chandlerbing310,Tua Tagovailoa,Standard,26.54
7,Dudekids,Carson Wentz,Standard,20.30
7,verticle,Tua Tagovailoa,Standard,26.54
7,Kieran563,Jameis Winston,Standard,16.88
7,Klay,Tua Tagovailoa,Standard,26.54
7,Bootz,Jimmy Garoppolo,Standard,5.24
7,christhrowsrocks,Taylor Heinicke,Deep,20.22
7,Peltron3030,Jimmy Garoppolo,Deep,5.24
7,Madmike,Mac Jones,Deep,22.18
7,Templare1,Taylor Heinicke,Deep,20.22
7,Moose,Trey Lance,Deep,0.00
7,BustyBass,Trey Lance,Deep,0.00
7,Smashadams ,Jared Goff,Deep,11.02
7,bakron,Mac Jones,Deep,22.18
7,kingships,Jimmy Garoppolo,Deep,5.24
7,Elementsoul,Teddy Bridgewater,Deep,13.78
7,Noro,Teddy Bridgewater,Deep,13.78
7,FooL,Mac Jones,Deep,22.18
7,Herbal,Jimmy Garoppolo,Deep,5.24
7,Selyk,Taylor Heinicke,Deep,20.22
7,Ender,Teddy Bridgewater,Deep,13.78
7,Chandlerbing310,Jimmy Garoppolo,Deep,5.24
7,Dudekids,Jared Goff,Deep,11.02
7,verticle,Taylor Heinicke,Deep,20.22
7,Kieran563,Mac Jones,Deep,22.18
7,Klay,Jimmy Garoppolo,Deep,5.24
7,Bootz,Jimmy Garoppolo,Deep,5.24
7,CONSENSUS,Tua Tagovailoa,Standard,26.54
7,CONSENSUS,Jimmy Garoppolo,Deep,5.24
8,christhrowsrocks,Teddy Bridgewater,Standard,12.62
8,Noro,Daniel Jones,Standard,16.08
8,Peltron3030,Trevor Lawrence,Standard,12.62
8,Ender,Daniel Jones,Standard,16.08
8,Templare1,Daniel Jones,Standard,16.08
8,Madmike,Daniel Jones,Standard,16.08
8,tee cee,Teddy Bridgewater,Standard,12.62
8,verticle,Daniel Jones,Standard,16.08
8,FooL,Daniel Jones,Standard,16.08
8,bakron,Carson Wentz,Standard,18.34
8,Kingships,Teddy Bridgewater,Standard,12.62
8,Kieran563,Teddy Bridgewater,Standard,12.62
8,Chandlerbing310,Trevor Lawrence,Standard,12.62
8,Klay,Carson Wentz,Standard,18.34
8,Elementsoul,Teddy Bridgewater,Standard,12.62
8,Moose,Teddy Bridgewater,Standard,12.62
8,BustyBass,Sam Darnold,Standard,11.76
8,Smashadams ,Daniel Jones,Standard,16.08
8,Selyk,Daniel Jones,Standard,16.08
8,Herbal,Daniel Jones,Standard,16.08
8,Dudekids,Trevor Lawrence,Standard,12.62
8,Bootz,Teddy Bridgewater,Standard,12.62
8,christhrowsrocks,Teddy Bridgewater,Deep,12.62
8,Noro,Taylor Heinicke,Deep,11.80
8,Peltron3030,Taylor Heinicke,Deep,11.80
8,Ender,Jared Goff,Deep,8.88
8,Templare1,Teddy Bridgewater,Deep,12.62
8,Madmike,Jimmy Garoppolo,Deep,27.28
8,tee cee,Teddy Bridgewater,Deep,12.62
8,verticle,Geno Smith,Deep,22.60
8,FooL,Jared Goff,Deep,8.88
8,bakron,Teddy Bridgewater,Deep,12.62
8,Kingships,Teddy Bridgewater,Deep,12.62
8,Kieran563,Ben Roethlisberger,Deep,14.64
8,Chandlerbing310,Jimmy Garoppolo,Deep,27.28
8,Klay,Teddy Bridgewater,Deep,12.62
8,Elementsoul,Jimmy Garoppolo,Deep,27.28
8,Moose,Jimmy Garoppolo,Deep,27.28
8,BustyBass,Jared Goff,Deep,8.88
8,Smashadams ,Teddy Bridgewater,Deep,12.62
8,Selyk,Teddy Bridgewater,Deep,12.62
8,Herbal,Teddy Bridgewater,Deep,12.62
8,Dudekids,Jimmy Garoppolo,Deep,27.28
8,Bootz,Teddy Bridgewater,Deep,12.62
8,CONSENSUS,Daniel Jones,Standard,16.08
8,CONSENSUS,Teddy Bridgewater,Deep,12.62
9,Madmike,Tua Tagovailoa,Standard,0.00
9,Mws1395,Tua Tagovailoa,Standard,0.00
9,Kingships,Daniel Jones,Standard,8.10
9,Ender,Mac Jones,Standard,5.96
9,Smashadams ,Tua Tagovailoa,Standard,0.00
9,BustyBass,Tua Tagovailoa,Standard,0.00
9,Moose,Tua Tagovailoa,Standard,0.00
9,elementsoul,Baker Mayfield,Standard,16.72
9,Klay,Tua Tagovailoa,Standard,0.00
9,Chandlerbing310,Taysom Hill,Standard,1.72
9,Kieran563,Jordan Love,Standard,11.90
9,Verticle,Tua Tagovailoa,Standard,0.00
9,Selyk,Daniel Jones,Standard,8.10
9,Bakron,Jordan Love,Standard,11.90
9,Noro,Tyrod Taylor,Standard,5.90
9,Dudekids,Daniel Jones,Standard,8.10
9,FooL,Jordan Love,Standard,11.90
9,Allen,Baker Mayfield,Standard,16.72
9,Peltron3030,Jordan Love,Standard,11.90
9,Bootz,Tyrod Taylor,Standard,5.90
9,christhrowsrocks,Tyrod Taylor,Standard,5.90
9,Herbal,Daniel Jones,Standard,8.10
9,Templare1,Daniel Jones,Standard,8.10
9,Madmike,Mike White,Deep,7.80
9,Mws1395,Jordan Love,Deep,11.90
9,Kingships,Taysom Hill,Deep,1.72
9,Ender,Trevor Siemian,Deep,15.96
9,Smashadams ,Jordan Love,Deep,11.90
9,BustyBass,Mike White,Deep,7.80
9,Moose,Jordan Love,Deep,11.90
9,elementsoul,Jimmy Garoppolo,Deep,19.34
9,Klay,Jordan Love,Deep,11.90
9,Chandlerbing310,Taysom Hill,Deep,1.72
9,Kieran563,Tyrod Taylor,Deep,5.90
9,Verticle,Tyrod Taylor,Deep,5.90
9,Selyk,Taysom Hill,Deep,1.72
9,Bakron,Jordan Love,Deep,11.90
9,Noro,Jordan Love,Deep,11.90
9,Dudekids,Tyrod Taylor,Deep,5.90
9,FooL,Trevor Siemian,Deep,15.96
9,Allen,Jordan Love,Deep,11.90
9,Peltron3030,Tyrod Taylor,Deep,5.90
9,Bootz,Tyrod Taylor,Deep,5.90
9,christhrowsrocks,Tyrod Taylor,Deep,5.90
9,Herbal,Tyrod Taylor,Deep,5.90
9,Templare1,Teddy Bridgewater,Deep,21.86
9,CONSENSUS,Daniel Jones,Standard,8.10
9,CONSENSUS,Tyrod Taylor,Deep,5.90
10,christhrowsrocks,Taylor Heinicke,Standard,15.74
10,Bootz,Jimmy Garoppolo,Standard,15.38
10,moose,Teddy Bridgewater,Standard,9.04
10,Selyk,Baker Mayfield,Standard,4.92
10,FooL,Teddy Bridgewater,Standard,9.04
10,Kingships,Teddy Bridgewater,Standard,9.04
10,Templare1,Teddy Bridgewater,Standard,9.04
10,tee cee,Mac Jones,Standard,19.92
10,Ender,Baker Mayfield,Standard,4.92
10,Smashadams ,Teddy Bridgewater,Standard,9.04
10,Herbal,Jimmy Garoppolo,Standard,15.38
10,elementsoul,Teddy Bridgewater,Standard,9.04
10,BustyBass,Baker Mayfield,Standard,4.92
10,verticle,Teddy Bridgewater,Standard,9.04
10,Klay,Teddy Bridgewater,Standard,9.04
10,Kieran563,Teddy Bridgewater,Standard,9.04
10,Dudekids,Trevor Lawrence,Standard,9.78
10,Peltron3030,Trevor Lawrence,Standard,9.78
10,Noro,Trevor Lawrence,Standard,9.78
10,christhrowsrocks,Taylor Heinicke,Deep,15.74
10,Bootz,Jimmy Garoppolo,Deep,15.38
10,moose,Trevor Siemian,Deep,19.92
10,Selyk,Taylor Heinicke,Deep,15.74
10,FooL,Mike White,Deep,2.04
10,Kingships,Jimmy Garoppolo,Deep,15.38
10,Templare1,Taylor Heinicke,Deep,15.74
10,tee cee,Jimmy Garoppolo,Deep,15.38
10,Ender,Mike White,Deep,2.04
10,Smashadams ,PJ Walker,Deep,5.28
10,Herbal,Taylor Heinicke,Deep,15.74
10,elementsoul,Jimmy Garoppolo,Deep,15.38
10,BustyBass,Jared Goff,Deep,4.48
10,verticle,Jimmy Garoppolo,Deep,15.38
10,Klay,Jacoby Brissett,Deep,6.64
10,Kieran563,Mike White,Deep,2.04
10,Dudekids,Jimmy Garoppolo,Deep,15.38
10,Peltron3030,Colt McCoy,Deep,0.18
10,Noro,Jimmy Garoppolo,Deep,15.38
10,CONSENSUS,Teddy Bridgewater,Standard,9.04
10,CONSENSUS,Jimmy Garoppolo,Deep,15.38
11,christhrowsrocks,Tua Tagovailoa,Standard,17.52
11,BustyBass,Tua Tagovailoa,Standard,17.52
11,Elementsoul,Tua Tagovailoa,Standard,17.52
11,Ender,Joe Flacco,Standard,17.94
11,Moose,Jimmy Garoppolo,Standard,15.64
11,Peltron3030,Mac Jones,Standard,10.38
11,Smashadams ,Mac Jones,Standard,10.38
11,Noro,Mac Jones,Standard,10.38
11,Kingships,Tua Tagovailoa,Standard,17.52
11,Madmike,Jimmy Garoppolo,Standard,15.64
11,Tee cee,Mac Jones,Standard,10.38
11,Selyk,Mac Jones,Standard,10.38
11,Templare1,Cam Newton,Standard,26.16
11,bakron,Tua Tagovailoa,Standard,17.52
11,Dudekids,Jimmy Garoppolo,Standard,15.64
11,Kieran563,Tua Tagovailoa,Standard,17.52
11,Klay,Tua Tagovailoa,Standard,17.52
11,Herbal,Tua Tagovailoa,Standard,17.52
11,Verticle,Justin Fields,Standard,3.46
11,FooL,Tua Tagovailoa,Standard,17.52
11,Bootz,Jimmy Garoppolo,Standard,15.64
11,christhrowsrocks,Jimmy Garoppolo,Deep,15.64
11,BustyBass,Jimmy Garoppolo,Deep,15.64
11,Elementsoul,Jimmy Garoppolo,Deep,15.64
11,Ender,Colt McCoy,Deep,22.92
11,Moose,Taylor Heinicke,Deep,23.14
11,Peltron3030,Jimmy Garoppolo,Deep,15.64
11,Smashadams ,Jimmy Garoppolo,Deep,15.64
11,Noro,Jimmy Garoppolo,Deep,15.64
11,Kingships,Taylor Heinicke,Deep,23.14
11,Madmike,Joe Flacco,Deep,17.94
11,Tee cee,Joe Flacco,Deep,17.94
11,Selyk,Trevor Siemian,Deep,24.16
11,Templare1,Jimmy Garoppolo,Deep,15.64
11,bakron,Taylor Heinicke,Deep,23.14
11,Dudekids,Trevor Siemian,Deep,24.16
11,Kieran563,Jimmy Garoppolo,Deep,15.64
11,Klay,Jimmy Garoppolo,Deep,15.64
11,Herbal,Jimmy Garoppolo,Deep,15.64
11,Verticle,Taylor Heinicke,Deep,23.14
11,FooL,Jimmy Garoppolo,Deep,15.64
11,Bootz,Jimmy Garoppolo,Deep,15.64
11,CONSENSUS,Tua Tagovailoa,Standard,17.52
11,CONSENSUS,Jimmy Garoppolo,Deep,15.64
12,christhrowsrocks,Jimmy Garoppolo,Standard,11.20
12,elementsoul,Mac Jones,Standard,21.50
12,Verticle,Mac Jones,Standard,21.50
12,Moose,Matt Ryan,Standard,10.20
12,Selyk,Daniel Jones,Standard,15.08
12,Madmike,Daniel Jones,Standard,15.08
12,Peltron3030,Mac Jones,Standard,21.50
12,Templare1,Tyrod Taylor,Standard,15.32
12,Mws1395,Tyrod Taylor,Standard,15.32
12,Kingships,Tyrod Taylor,Standard,15.32
12,tee cee,Taylor Heinicke,Standard,11.22
12,Smashadams ,Taylor Heinicke,Standard,11.22
12,bakron,Mac Jones,Standard,21.50
12,Dudekids,Daniel Jones,Standard,15.08
12,Noro,Taylor Heinicke,Standard,11.22
12,Klay,Trevor Lawrence,Standard,17.02
12,Kieran563,Tyrod Taylor,Standard,15.32
12,BustyBass,Matt Ryan,Standard,10.20
12,Herbal,Mac Jones,Standard,21.50
12,FooL,Jimmy Garoppolo,Standard,11.20
12,christhrowsrocks,Andy Dalton,Deep,15.78
12,elementsoul,Taylor Heinicke,Deep,11.22
12,Verticle,Taylor Heinicke,Deep,11.22
12,Moose,Tyrod Taylor,Deep,15.32
12,Selyk,Tyrod Taylor,Deep,15.32
12,Madmike,Tyrod Taylor,Deep,15.32
12,Peltron3030,Tyrod Taylor,Deep,15.32
12,Templare1,Taylor Heinicke,Deep,11.22
12,Mws1395,Taylor Heinicke,Deep,11.22
12,Kingships,Tyrod Taylor,Deep,15.32
12,tee cee,Taylor Heinicke,Deep,11.22
12,Smashadams ,Tyrod Taylor,Deep,15.32
12,bakron,Andy Dalton,Deep,15.78
12,Dudekids,Tyrod Taylor,Deep,15.32
12,Noro,Taylor Heinicke,Deep,11.22
12,Klay,Ben Roethlisberger,Deep,8.52
12,Kieran563,Taylor Heinicke,Deep,11.22
12,BustyBass,Tyrod Taylor,Deep,15.32
12,Herbal,Tyrod Taylor,Deep,15.32
12,FooL,Taylor Heinicke,Deep,11.22
12,CONSENSUS,Mac Jones,Standard,21.50
12,CONSENSUS,Tyrod Taylor,Deep,15.32
13,christhrowsrocks,Taysom Hill,Standard,20.66
13,tee cee,Matt Ryan,Standard,12.08
13,Madmike,Mike Glennon,Standard,5.48
13,verticle,Mac Jones,Standard,0.46
13,Templare1,Taysom Hill,Standard,20.66
13,Ender,Zach Wilson,Standard,21.08
13,Kingships,Taysom Hill,Standard,20.66
13,Bakron,Taysom Hill,Standard,20.66
13,Selyk,Taylor Heinicke,Standard,14.84
13,FooL,Taylor Heinicke,Standard,14.84
13,Elementsoul,Taylor Heinicke,Standard,14.84
13,BustyBass,Taysom Hill,Standard,20.66
13,Smashadams ,Taysom Hill,Standard,20.66
13,Bootz,Teddy Bridgewater,Standard,11.98
13,Herbal,Taylor Heinicke,Standard,14.84
13,Moose,Jimmy Garoppolo,Standard,15.96
13,Dudekids,Taylor Heinicke,Standard,14.84
13,Kieran563,Jimmy Garoppolo,Standard,15.96
13,Klay,Taylor Heinicke,Standard,14.84
13,Noro,Tua Tagovailoa,Standard,17.86
13,Peltron3030,Jimmy Garoppolo,Standard,15.96
13,christhrowsrocks,Taysom Hill,Deep,20.66
13,tee cee,Taysom Hill,Deep,20.66
13,Madmike,Mike Glennon,Deep,5.48
13,verticle,Taysom Hill,Deep,20.66
13,Templare1,Taysom Hill,Deep,20.66
13,Ender,Jared Goff,Deep,19.94
13,Kingships,Tyrod Taylor,Deep,1.30
13,Bakron,Taysom Hill,Deep,20.66
13,Selyk,Mike Glennon,Deep,5.48
13,FooL,Teddy Bridgewater,Deep,11.98
13,Elementsoul,Teddy Bridgewater,Deep,11.98
13,BustyBass,Taysom Hill,Deep,20.66
13,Smashadams ,Taysom Hill,Deep,20.66
13,Bootz,Teddy Bridgewater,Deep,11.98
13,Herbal,Taysom Hill,Deep,20.66
13,Moose,Taysom Hill,Deep,20.66
13,Dudekids,Tyrod Taylor,Deep,1.30
13,Kieran563,Zach Wilson,Deep,21.08
13,Klay,Teddy Bridgewater,Deep,11.98
13,Noro,Teddy Bridgewater,Deep,11.98
13,Peltron3030,Andy Dalton,Deep,11.76
13,CONSENSUS,Taysom Hill/Taylor Heinicke,Standard,17.75
13,CONSENSUS,Taysom Hill,Deep,20.66
14,christhrowsrocks,Taysom Hill,Standard,26.30
14,elementsoul,Taysom Hill,Standard,26.30
14,Verticle,Taysom Hill,Standard,26.30
14,Madmike,Cam Newton,Standard,13.82
14,bakron,Taysom Hill,Standard,26.30
14,Templare1,Taysom Hill,Standard,26.30
14,Dudekids,Cam Newton,Standard,13.82
14,Kingships,Cam Newton,Standard,13.82
14,Noro,Taysom Hill,Standard,26.30
14,Smashadams ,Taysom Hill,Standard,26.30
14,tee cee,Taysom Hill,Standard,26.30
14,Moose,Taysom Hill,Standard,26.30
14,Selyk,Taylor Heinicke,Standard,7.68
14,Kieran563,Taysom Hill,Standard,26.30
14,Herbal,Taysom Hill,Standard,26.30
14,Peltron3030,Cam Newton,Standard,13.82
14,Klay,Jimmy Garoppolo,Standard,20.14
14,christhrowsrocks,Teddy Bridgewater,Deep,15.16
14,elementsoul,Teddy Bridgewater,Deep,15.16
14,Verticle,Teddy Bridgewater,Deep,15.16
14,Madmike,Teddy Bridgewater,Deep,15.16
14,bakron,Jared Goff,Deep,11.60
14,Templare1,Teddy Bridgewater,Deep,15.16
14,Dudekids,Ben Roethlisberger,Deep,24.82
14,Kingships,Ben Roethlisberger,Deep,24.82
14,Noro,Justin Fields,Deep,18.36
14,Smashadams ,Ben Roethlisberger,Deep,24.82
14,tee cee,Ben Roethlisberger,Deep,24.82
14,Moose,Teddy Bridgewater,Deep,15.16
14,Selyk,Zach Wilson,Deep,11.38
14,Kieran563,Teddy Bridgewater,Deep,15.16
14,Herbal,Ben Roethlisberger,Deep,24.82
14,Peltron3030,Davis Mills,Deep,18.04
14,Klay,Ben Roethlisberger,Deep,24.82
14,CONSENSUS,Taysom Hill,Standard,26.30
14,CONSENSUS,Teddy Bridgewater,Deep,15.16
15,christhrowsrocks,Justin Fields,Standard,16.90
15,Templare1,Tua Tagovailoa,Standard,13.74
15,bakron,Jimmy Garoppolo,Standard,13.80
15,Kingships,Jimmy Garoppolo,Standard,13.80
15,tee cee,Trevor Lawrence,Standard,10.50
15,Smashadams ,Justin Fields,Standard,16.90
15,Moose,Nick Mullens,Standard,9.88
15,Dudekids,Tua Tagovailoa,Standard,13.74
15,BustyBass,Jimmy Garoppolo,Standard,13.80
15,elementsoul,Mac Jones,Standard,17.16
15,verticle,Mac Jones,Standard,17.16
15,Selyk,Jimmy Garoppolo,Standard,13.80
15,Herbal,Jimmy Garoppolo,Standard,13.80
15,Klay,Jimmy Garoppolo,Standard,13.80
15,Noro,Justin Fields,Standard,16.90
15,Madmike,Garrett Gilbert,Standard,7.76
15,Peltron3030,Garrett Gilbert,Standard,7.76
15,christhrowsrocks,Justin Fields,Deep,16.90
15,Templare1,Justin Fields,Deep,16.90
15,bakron,Nick Mullens,Deep,9.88
15,Kingships,Justin Fields,Deep,16.90
15,tee cee,Ben Roethlisberger,Deep,11.92
15,Smashadams ,Justin Fields,Deep,16.90
15,Moose,Davis Mills,Deep,14.56
15,Dudekids,Ben Roethlisberger,Deep,11.92
15,BustyBass,Jared Goff,Deep,20.64
15,elementsoul,Gardner Minshew,Deep,0.00
15,verticle,Justin Fields,Deep,16.90
15,Selyk,Justin Fields,Deep,16.90
15,Herbal,Ben Roethlisberger,Deep,11.92
15,Klay,Jared Goff,Deep,20.64
15,Noro,Nick Mullens,Deep,9.88
15,Madmike,Gardner Minshew,Deep,0.00
15,Peltron3030,Garrett Gilbert,Deep,7.76
15,CONSENSUS,Jimmy Garoppolo,Standard,13.80
15,CONSENSUS,Justin Fields,Deep,16.90
16,Elementsoul,Tua Tagovailoa,Standard,10.02
16,Moose,Tyler Huntley,Standard,0.00
16,Smashadams ,Justin Fields,Standard,0.00
16,Madmike,Trevor Lawrence,Standard,12.90
16,Selyk,Justin Fields,Standard,0.00
16,Kingships,Jimmy Garoppolo,Standard,13.18
16,BustyBass,Tua Tagovailoa,Standard,10.02
16,Verticle,Ben Roethlisberger,Standard,6.36
16,Bakron,Trevor Lawrence,Standard,12.90
16,Klay,Matt Ryan,Standard,13.10
16,christhrowsrocks,Zach Wilson,Standard,23.18
16,Peltron3030,Ben Roethlisberger,Standard,6.36
16,Templare1,Matt Ryan,Standard,13.10
16,Herbal,Tua Tagovailoa,Standard,10.02
16,Dudekids,Tua Tagovailoa,Standard,10.02
16,Elementsoul,Zach Wilson,Deep,23.18
16,Moose,Cam Newton,Deep,4.64
16,Smashadams ,Tyler Huntley,Deep,0.00
16,Madmike,Drew Lock,Deep,7.12
16,Selyk,Davis Mills,Deep,18.06
16,Kingships,Drew Lock,Deep,7.12
16,BustyBass,Zach Wilson,Deep,23.18
16,Verticle,Cam Newton,Deep,4.64
16,Bakron,Zach Wilson,Deep,23.18
16,Klay,Cam Newton,Deep,4.64
16,christhrowsrocks,Zach Wilson,Deep,23.18
16,Peltron3030,Zach Wilson,Deep,23.18
16,Templare1,Cam Newton,Deep,4.64
16,Herbal,Zach Wilson,Deep,23.18
16,Dudekids,Ian Book,Deep,2.00
16,CONSENSUS,Tua Tagovailoa,Standard,10.02
16,CONSENSUS,Zach Wilson,Deep,23.18
17,christhrowsrocks,Trey Lance,Standard,19.06
17,elementsoul,Mac Jones,Standard,22.28
17,Madmike,Trey Lance,Standard,19.06
17,Smashadams ,Taysom Hill,Standard,17.38
17,Moose,Davis Mills,Standard,8.92
17,BustyBass,Taysom Hill,Standard,17.38
17,Bakron,Taysom Hill,Standard,17.38
17,Kingships,Tua Tagovailoa,Standard,4.30
17,Kieran563,Mac Jones,Standard,22.28
17,Selyk,Taysom Hill,Standard,17.38
17,Klay,Trey Lance,Standard,19.06
17,Peltron3030,Mac Jones,Standard,22.28
17,Noro,Trey Lance,Standard,19.06
17,Herbal,Trey Lance,Standard,19.06
17,Templare1,Taysom Hill,Standard,17.38
17,christhrowsrocks,Trey Lance,Deep,19.06
17,elementsoul,Tim Boyle,Deep,15.88
17,Madmike,Jake Fromm,Deep,0.00
17,Smashadams ,Andy Dalton,Deep,10.32
17,Moose,Andy Dalton,Deep,10.32
17,BustyBass,Trey Lance,Deep,19.06
17,Bakron,Trey Lance,Deep,19.06
17,Kingships,Trey Lance,Deep,19.06
17,Kieran563,Andy Dalton,Deep,10.32
17,Selyk,Trey Lance,Deep,19.06
17,Klay,Trey Lance,Deep,19.06
17,Peltron3030,Trey Lance,Deep,19.06
17,Noro,Trey Lance,Deep,19.06
17,Herbal,Trey Lance,Deep,19.06
17,Templare1,Trey Lance,Deep,19.06
17,CONSENSUS,Taysom Hill,Standard,17.38
17,CONSENSUS,Trey Lance,Deep,19.06